{"train/ssim":0.9765551090240479,"attack/collapse_variance":0.0013553829630836844,"_step":5001,"_runtime":90.536583017,"attack/collapse_ratio":7.824918742960207e-07,"attack/collapse_mean_distance":0.00037360339774750173,"_wandb":{"runtime":92},"test/loss_viewpoint_l1_loss":0.006586026417789981,"train/total_loss":0.012823542580008507,"train/psnr":31.04289779663086,"train/render_loss":0.012823542580008507,"test/ssim":0.9722722384333611,"_timestamp":1.7507867700278728e+09,"attack/feature_count":4440,"iteration":5000,"train/collapse_loss":0,"train/l1_loss":0.00781471561640501,"train/loss_viewpoint_l1_loss":0.006104228738695383,"test/psnr":32.52518074989319}