{"train/l1_loss":0.01871921867132187,"_timestamp":1.7507937375626152e+09,"train/psnr":25.23497772216797,"train/ssim":0.8692384958267212,"attack/collapse_ratio":6.349272799743844e-07,"_step":709,"_wandb":{"runtime":24},"attack/feature_count":56,"attack/collapse_variance":0.004459039773792028,"_runtime":24.088483323,"train/render_loss":0.041127678006887436,"train/total_loss":0.041127678006887436,"train/collapse_loss":0,"iteration":710,"attack/collapse_mean_distance":0.002661184873431921}