{"test/loss_viewpoint_l1_loss":0.00649425991345197,"_runtime":77.04577079,"train/render_loss":0.01253072265535593,"test/ssim":0.9727312567830086,"_wandb":{"runtime":79},"train/loss_viewpoint_l1_loss":0.006020812597125769,"_step":5001,"train/collapse_loss":0,"attack/collapse_mean_distance":0.0015612862771376967,"train/total_loss":0.01253072265535593,"attack/feature_count":5225,"iteration":5000,"train/l1_loss":0.007648008409887552,"train/psnr":31.163562011718753,"attack/collapse_variance":0.0024377387017011642,"attack/collapse_ratio":5.66890162922995e-07,"test/psnr":32.642057971954344,"train/ssim":0.9769168972969056,"_timestamp":1.7507856227523592e+09}