{"attack/collapse_variance":0.002479539718478918,"attack/collapse_ratio":3.2316400078169494e-07,"attack/feature_count":47304,"_timestamp":1.7507747468886156e+09,"train/total_loss":0.016593914479017258,"train/l1_loss":0.009818678721785545,"train/psnr":29.870418548583984,"test/psnr":30.986853809356692,"train/collapse_loss":0,"train/loss_viewpoint_l1_loss":0.007368140574544668,"_wandb":{"runtime":75},"test/loss_viewpoint_l1_loss":0.008200921659590677,"attack/collapse_mean_distance":0.0008015012717805803,"iteration":5000,"train/ssim":0.9699874043464661,"_runtime":73.194530747,"test/ssim":0.9646186098456383,"train/render_loss":0.016593914479017258,"_step":5001}