{"test/psnr":32.62150680541992,"train/total_loss":0.01255272887647152,"train/l1_loss":0.007673788350075483,"_wandb":{"runtime":83},"attack/collapse_variance":0.002404367085546255,"attack/collapse_mean_distance":0.0015065822517499328,"attack/collapse_ratio":5.595266282520939e-07,"train/collapse_loss":0,"attack/feature_count":4993,"train/loss_viewpoint_l1_loss":0.006019909959286452,"train/ssim":0.9767966866493225,"train/psnr":31.584992980957033,"_runtime":78.963745255,"_step":5001,"iteration":5000,"test/ssim":0.9728103813529014,"test/loss_viewpoint_l1_loss":0.00651001810329035,"_timestamp":1.7507897702128997e+09,"train/render_loss":0.01255272887647152}