{"train/psnr":31.605114364624026,"train/l1_loss":0.007677455898374319,"_step":5001,"test/loss_viewpoint_l1_loss":0.0064925024518743156,"train/total_loss":0.01248583011329174,"attack/collapse_mean_distance":0.0015976991271600127,"_wandb":{"runtime":83},"_runtime":78.25016683,"_timestamp":1.7507899451457663e+09,"train/ssim":0.9767267227172852,"attack/feature_count":5316,"train/render_loss":0.01248583011329174,"test/ssim":0.9728636062145234,"iteration":5000,"train/collapse_loss":0,"attack/collapse_variance":0.002836967585608363,"attack/collapse_ratio":5.3257223564529e-07,"train/loss_viewpoint_l1_loss":0.006007205229252577,"test/psnr":32.66010506629944}