{"_runtime":81.796142249,"attack/collapse_mean_distance":0.001735539990477264,"test/psnr":32.65579597473145,"attack/feature_count":5404,"train/psnr":31.182418060302737,"test/loss_viewpoint_l1_loss":0.006498800894478336,"iteration":5000,"train/collapse_loss":0,"_step":5001,"test/ssim":0.9727421745657922,"train/render_loss":0.012659539468586445,"_wandb":{"runtime":83},"train/ssim":0.9769771575927735,"attack/collapse_ratio":5.351274471321332e-07,"attack/collapse_variance":0.0028407627250999212,"train/total_loss":0.012659539468586445,"train/loss_viewpoint_l1_loss":0.006010582856833935,"train/l1_loss":0.0076906997710466385,"_timestamp":1.7507865046848822e+09}