{"attack/collapse_ratio":5.677964349803943e-07,"_runtime":77.431913638,"train/collapse_loss":0,"train/total_loss":0.012515222653746605,"train/loss_viewpoint_l1_loss":0.006006866414099932,"train/render_loss":0.012515222653746605,"train/ssim":0.9769322156906128,"test/loss_viewpoint_l1_loss":0.006485708584077657,"_timestamp":1.7507861407387714e+09,"_step":5001,"test/psnr":32.67038558959961,"attack/feature_count":4874,"train/psnr":31.2021541595459,"attack/collapse_variance":0.0026007036212831736,"test/ssim":0.9728349566459656,"iteration":5000,"attack/collapse_mean_distance":0.0015694689936935902,"train/l1_loss":0.007659703027456999,"_wandb":{"runtime":79}}