{"_timestamp":1.7507745638268065e+09,"test/loss_viewpoint_l1_loss":0.00824887204449624,"test/ssim":0.9648590412735939,"train/loss_viewpoint_l1_loss":0.007417417690157891,"train/total_loss":0.01654990017414093,"attack/collapse_mean_distance":0.0019246538868173957,"iteration":5000,"_step":5001,"attack/collapse_variance":0.0019836551509797573,"train/psnr":29.812781143188477,"train/ssim":0.9702871084213257,"train/collapse_loss":0,"test/psnr":30.89942012786865,"_wandb":{"runtime":74},"train/render_loss":0.01654990017414093,"train/l1_loss":0.009796489961445332,"attack/feature_count":49868,"_runtime":71.986793718,"attack/collapse_ratio":3.531418329982827e-07}