{"train/ssim":0.9766004085540771,"_runtime":81.918202064,"train/total_loss":0.012823847122490406,"train/loss_viewpoint_l1_loss":0.006117906421422958,"train/render_loss":0.012823847122490406,"iteration":5000,"attack/collapse_mean_distance":0.00033374186023138463,"_timestamp":1.7507884657290564e+09,"train/l1_loss":0.007847774773836136,"_step":5001,"test/loss_viewpoint_l1_loss":0.006610765809891746,"attack/collapse_variance":0.001259577227756381,"attack/feature_count":4625,"test/ssim":0.9723391723632813,"train/psnr":31.012722778320313,"attack/collapse_ratio":7.879769000629366e-07,"train/collapse_loss":0,"test/psnr":32.471334619522096,"_wandb":{"runtime":93}}