{"test/psnr":32.64091240882873,"iteration":5000,"test/ssim":0.9726591068506241,"train/psnr":31.158461761474612,"train/ssim":0.9767790198326112,"_runtime":76.69733826,"attack/collapse_ratio":5.6010429771991e-07,"test/loss_viewpoint_l1_loss":0.006512571159983054,"_wandb":{"runtime":78},"attack/feature_count":5104,"attack/collapse_mean_distance":0.0014941529370844364,"train/render_loss":0.012639475986361504,"train/loss_viewpoint_l1_loss":0.006030883360654116,"train/collapse_loss":0,"train/l1_loss":0.007706703618168831,"_step":5001,"_timestamp":1.7507749681122067e+09,"attack/collapse_variance":0.002653186209499836,"train/total_loss":0.012639475986361504}