{"train/psnr":31.171758270263673,"_wandb":{"runtime":76},"test/psnr":32.64785263061523,"train/render_loss":0.01258128322660923,"train/loss_viewpoint_l1_loss":0.0060263752005994325,"attack/collapse_variance":0.002752901054918766,"_timestamp":1.7507846981039758e+09,"attack/collapse_ratio":5.429581588778376e-07,"_step":5001,"attack/feature_count":5049,"train/total_loss":0.01258128322660923,"train/ssim":0.9767887353897096,"iteration":5000,"test/loss_viewpoint_l1_loss":0.006501672073500231,"train/collapse_loss":0,"train/l1_loss":0.007680706679821014,"_runtime":74.962830058,"attack/collapse_mean_distance":0.001546371728181839,"test/ssim":0.972616911828518}