{"_timestamp":1.75068759022116e+09,"train/ssim":0.6983345031738282,"test/psnr":23.017702865600587,"train/loss_viewpoint_l1_loss":0.04442444369196892,"_wandb":{"runtime":421},"attack/collapse_mean_distance":0.004832116421312094,"iteration":5000,"_step":5001,"_runtime":392.118535084,"attack/collapse_ratio":2.5810697790173975e-07,"train/psnr":22.097265625000002,"attack/feature_count":6282,"train/collapse_loss":0,"test/loss_viewpoint_l1_loss":0.04805357396602631,"train/total_loss":0.08331519365310669,"train/render_loss":0.08331519365310669,"attack/collapse_variance":0.00490630604326725,"train/l1_loss":0.04199972748756409,"test/ssim":0.6279326248168945}