{"_timestamp":1.7507848974015887e+09,"test/ssim":0.9726854941248894,"train/total_loss":0.012610133737325668,"_wandb":{"runtime":78},"train/render_loss":0.012610133737325668,"test/psnr":32.655571184158326,"attack/collapse_variance":0.0027622641064226627,"attack/collapse_mean_distance":0.0016885491786524653,"train/ssim":0.9769105672836305,"train/loss_viewpoint_l1_loss":0.005998803954571486,"attack/feature_count":5032,"_step":5001,"train/psnr":31.219541168212892,"iteration":5000,"train/l1_loss":0.007659504190087318,"test/loss_viewpoint_l1_loss":0.006494350112043321,"train/collapse_loss":0,"attack/collapse_ratio":5.513287720804172e-07,"_runtime":76.520593846}