{"iteration":5000,"_timestamp":1.7507721813156593e+09,"_step":5001,"train/total_loss":0.012251785025000572,"test/psnr":32.8595263671875,"attack/feature_count":6720,"attack/collapse_ratio":5.829277814894951e-07,"attack/collapse_mean_distance":0.023349931463599205,"train/collapse_loss":0,"train/l1_loss":0.007499489933252335,"train/loss_viewpoint_l1_loss":0.005197806376963854,"attack/collapse_variance":0.0011868734145537019,"test/loss_viewpoint_l1_loss":0.006348033271497116,"test/ssim":0.9734767407178879,"train/psnr":33.95166702270508,"_runtime":75.188556067,"train/ssim":0.9791676282882691,"_wandb":{"runtime":76},"train/render_loss":0.012251785025000572}