{"test/ssim":0.9724378618597984,"train/total_loss":0.012756770476698875,"attack/collapse_ratio":8.550505313786871e-07,"attack/collapse_mean_distance":0.00031221023527905345,"attack/feature_count":4535,"test/loss_viewpoint_l1_loss":0.006601825334364549,"train/collapse_loss":0,"train/ssim":0.976623022556305,"train/loss_viewpoint_l1_loss":0.0061280208639800555,"train/psnr":30.98382911682129,"train/l1_loss":0.0077767884358763695,"train/render_loss":0.012756770476698875,"_wandb":{"runtime":89},"_timestamp":1.750786637339653e+09,"_runtime":87.401262818,"iteration":5000,"_step":5001,"attack/collapse_variance":0.0011492206249386072,"test/psnr":32.49295104026795}