{"_runtime":72.972917018,"attack/feature_count":4859,"attack/collapse_mean_distance":0.0017370976274833083,"_step":5001,"attack/collapse_variance":0.0026952791959047318,"train/l1_loss":0.0076792482286691666,"train/psnr":31.212163543701173,"test/loss_viewpoint_l1_loss":0.006480654252227396,"test/ssim":0.9728290572762489,"train/render_loss":0.012554045766592026,"test/psnr":32.68914175033569,"_timestamp":1.75078515948176e+09,"attack/collapse_ratio":5.46276739510354e-07,"_wandb":{"runtime":75},"train/ssim":0.9770342707633972,"train/loss_viewpoint_l1_loss":0.005994564853608608,"train/total_loss":0.012554045766592026,"iteration":5000,"train/collapse_loss":0}