{"attack/feature_count":69253,"iteration":5000,"train/l1_loss":0.00786211621016264,"_wandb":{"runtime":75},"attack/collapse_variance":0.004324384033679962,"train/loss_viewpoint_l1_loss":0.005499111581593752,"train/collapse_loss":0,"test/psnr":32.571460494995115,"test/ssim":0.9715330854058266,"train/ssim":0.9771922826766968,"attack/collapse_ratio":2.2978339209167586e-07,"_runtime":73.204773687,"train/total_loss":0.01304151676595211,"attack/collapse_mean_distance":0.01147557608783245,"_step":5001,"train/render_loss":0.01304151676595211,"_timestamp":1.7507720185329866e+09,"test/loss_viewpoint_l1_loss":0.006660278433701023,"train/psnr":33.578713226318364}