{"_timestamp":1.7507742635838766e+09,"attack/collapse_ratio":7.368542274122092e-07,"train/loss_viewpoint_l1_loss":0.005868783593177796,"_wandb":{"runtime":78},"train/psnr":31.422584533691406,"iteration":5000,"test/loss_viewpoint_l1_loss":0.0063777840486727655,"_step":5001,"train/total_loss":0.012265412136912346,"train/collapse_loss":0,"train/l1_loss":0.007504096254706383,"train/render_loss":0.012265412136912346,"_runtime":76.715338103,"attack/collapse_variance":0.0009081787429749966,"test/ssim":0.9733636677265167,"train/ssim":0.9776127219200135,"attack/feature_count":6505,"attack/collapse_mean_distance":0.019819561392068863,"test/psnr":32.81668581962585}