{"test/loss_viewpoint_l1_loss":0.0066085269814357165,"test/psnr":32.4893550491333,"train/loss_viewpoint_l1_loss":0.0061196801252663136,"train/psnr":31.401042556762697,"test/ssim":0.9721917152404785,"_runtime":83.124975011,"attack/collapse_ratio":7.401576166410351e-07,"attack/collapse_variance":0.0016543105011805892,"_step":5001,"_timestamp":1.7507892677522264e+09,"train/l1_loss":0.007822159677743912,"attack/feature_count":4506,"train/render_loss":0.012852028012275696,"attack/collapse_mean_distance":0.0004429477849043906,"iteration":5000,"train/collapse_loss":0,"train/total_loss":0.012852028012275696,"_wandb":{"runtime":94},"train/ssim":0.9762014389038086}