{"test/psnr":32.5566157245636,"_timestamp":1.750765133232033e+09,"test/loss_viewpoint_l1_loss":0.006676598519552499,"attack/collapse_mean_distance":0.011040979996323586,"attack/collapse_ratio":2.2944137401115228e-07,"attack/feature_count":68706,"train/render_loss":0.013218244537711143,"train/loss_viewpoint_l1_loss":0.0055133030284196145,"test/ssim":0.9712077087163925,"train/ssim":0.9770534992218018,"iteration":5000,"train/total_loss":0.013218244537711143,"train/psnr":33.5648307800293,"_wandb":{"runtime":245},"_step":5001,"attack/collapse_variance":0.004381358623504639,"train/l1_loss":0.007918205112218857,"train/collapse_loss":0,"_runtime":243.3392873}