{"_wandb":{"runtime":72},"train/render_loss":0.013944661244750023,"attack/collapse_variance":0.0030048496555536985,"train/l1_loss":0.008332191966474056,"attack/feature_count":64952,"test/psnr":32.201546545028684,"train/ssim":0.9744329929351807,"_runtime":70.30721637,"train/psnr":30.84585189819336,"test/loss_viewpoint_l1_loss":0.007018273428548128,"_step":5001,"_timestamp":1.7507744104320202e+09,"attack/collapse_ratio":2.637859468634929e-07,"iteration":5000,"train/loss_viewpoint_l1_loss":0.006427154876291752,"train/total_loss":0.013944661244750023,"train/collapse_loss":0,"attack/collapse_mean_distance":0.003549274057149887,"test/ssim":0.9698740494251251}