{"_step":5001,"iteration":5000,"_timestamp":1.750786930581125e+09,"attack/collapse_variance":0.0011797025799751282,"_wandb":{"runtime":87},"train/psnr":31.036664962768555,"attack/feature_count":4640,"train/l1_loss":0.007847667671740055,"attack/collapse_ratio":8.077856192834076e-07,"_runtime":85.062876233,"train/ssim":0.9765288233757019,"train/loss_viewpoint_l1_loss":0.006111784745007754,"train/render_loss":0.01291573140770197,"train/total_loss":0.01291573140770197,"train/collapse_loss":0,"test/psnr":32.50868322372437,"attack/collapse_mean_distance":0.0003050041850656271,"test/ssim":0.9722822734713554,"test/loss_viewpoint_l1_loss":0.006588085640687496}