{"attack/collapse_mean_distance":0.014299089089035988,"test/loss_viewpoint_l1_loss":0.00666157990694046,"train/psnr":33.63661003112793,"train/render_loss":0.013100193813443184,"train/total_loss":0.013100193813443184,"train/collapse_loss":0,"attack/feature_count":179336,"train/l1_loss":0.007840721867978573,"test/psnr":32.60999917984009,"test/ssim":0.9712322732806206,"_runtime":72.537527461,"attack/collapse_ratio":1.8833931092476774e-07,"_wandb":{"runtime":74},"iteration":5000,"train/ssim":0.9771021485328675,"train/loss_viewpoint_l1_loss":0.005475621391087771,"attack/collapse_variance":0.008398915641009808,"_step":5001,"_timestamp":1.7507718745679927e+09}