{"_wandb":{"runtime":81},"test/loss_viewpoint_l1_loss":0.006490563137922436,"_timestamp":1.750794370928585e+09,"train/total_loss":0.012606664560735226,"test/psnr":32.67099408149719,"_runtime":77.042156869,"train/ssim":0.9767672061920166,"train/psnr":31.65768966674805,"attack/collapse_mean_distance":0.0016577228670939803,"train/loss_viewpoint_l1_loss":0.0059850762598216535,"attack/collapse_variance":0.002797862282022834,"train/l1_loss":0.007694820407778025,"iteration":5000,"_step":5001,"train/collapse_loss":0,"attack/collapse_ratio":5.305198799154809e-07,"test/ssim":0.9727494630217552,"attack/feature_count":5038,"train/render_loss":0.012606664560735226}