{"test/ssim":0.9721780368685723,"test/psnr":32.54376852035522,"attack/collapse_mean_distance":0.0005273444694466889,"train/collapse_loss":0,"train/l1_loss":0.0077872490510344505,"test/loss_viewpoint_l1_loss":0.006578268354060128,"train/loss_viewpoint_l1_loss":0.006095994729548693,"train/ssim":0.9764630317687989,"_wandb":{"runtime":84},"iteration":5000,"_timestamp":1.7507853580421243e+09,"train/render_loss":0.012795191258192062,"_step":5001,"train/psnr":31.056461334228516,"train/total_loss":0.012795191258192062,"attack/feature_count":4689,"_runtime":82.844323017,"attack/collapse_ratio":7.120070752986152e-07,"attack/collapse_variance":0.00180647405795753}