{"test/loss_viewpoint_l1_loss":0.006580339524662122,"train/render_loss":0.012840203940868378,"attack/collapse_mean_distance":0.0003158276085741818,"train/collapse_loss":0,"train/ssim":0.9765407681465149,"attack/collapse_variance":0.0012993358541280031,"attack/collapse_ratio":7.856642852965834e-07,"_step":5001,"test/psnr":32.52391375541687,"train/total_loss":0.012840203940868378,"train/l1_loss":0.007823859341442585,"iteration":5000,"train/psnr":31.05183982849121,"test/ssim":0.9722958213090896,"attack/feature_count":4674,"_wandb":{"runtime":88},"train/loss_viewpoint_l1_loss":0.006101326551288366,"_timestamp":1.7507879437549007e+09,"_runtime":86.04359243}