{"attack/feature_count":3844,"_wandb":{"runtime":84},"attack/collapse_variance":0.0012902503367513418,"train/render_loss":0.005681926384568214,"train/ssim":0.9859387874603271,"_runtime":84.400499056,"attack/collapse_mean_distance":0.00036347677814774215,"_timestamp":1.7507883679584343e+09,"attack/collapse_ratio":8.492508039026347e-07,"train/total_loss":0.005681926384568214,"train/collapse_loss":0,"train/psnr":35.51411056518555,"iteration":4302,"_step":4301,"train/l1_loss":0.003587104380130768}